Segment,WeightedScore,NetAvgRevenue,RetentionRate,ExpansionPotential,StrategicFit
Law Firms,0.44759824381277075,19189.37942135,0.81984979,0.699831075,0.79969302
Healthcare Providers,0.36685298956745244,14996.83712555,0.779800505,0.64992166,0.8490495100000001
Tech Startups,0.26092103162023517,9496.5235985,0.64975896,0.5998743400000001,0.74945319
Marketing Agencies,0.22819365213407986,7797.21725525,0.599732675,0.5496136,0.6501670700000001
Non-Profits,0.1973942734204134,6198.01865035,0.5503319600000001,0.49968976499999995,0.70006747
